{
    "actual": [
        0,
        1,
        0,
        1,
        0,
        1,
        12401,
        23503,
        1,
        1,
        0,
        0,
        1,
        94619,
        0,
        0,
        0,
        0,
        383133,
        282,
        1,
        1,
        0,
        1,
        1,
        1,
        1,
        1,
        0,
        1,
        1,
        0,
        1,
        1,
        1,
        1,
        1,
        1,
        7,
        0,
        1,
        1,
        1,
        0,
        1,
        0,
        346442,
        1,
        0,
        1,
        1,
        0,
        1,
        1,
        1,
        1,
        1,
        0,
        0,
        1,
        0,
        1,
        1,
        1,
        1,
        1,
        4,
        6,
        1,
        3,
        6,
        0,
        1,
        0,
        1,
        1,
        0,
        6,
        1,
        0,
        2,
        0,
        0,
        1,
        0,
        0,
        3,
        1,
        0,
        1,
        1,
        1,
        1,
        0,
        0,
        0,
        1,
        0,
        0,
        0
    ],
    "predicted": [
        8168.940711488918,
        886.48459380024,
        805.5764931379472,
        845.1718489902942,
        9011.60441100006,
        883.2406368803331,
        19224.47946989623,
        3815.39474029153,
        -22757.54650505184,
        -29955.02291588619,
        1452.0398495860372,
        -28481.186643273337,
        -5910.2650548801175,
        29639.925396849874,
        3026.179487360396,
        1343.6153620731675,
        6275.004163690162,
        32662.189362587043,
        13357.058254433303,
        7383.314206142859,
        2874.5340450846943,
        1185.806401649641,
        1148.0620094515943,
        7286.35805776668,
        7286.472550363853,
        1262.707261410873,
        3034.308463769803,
        6209.8560575351485,
        4740.38173835674,
        3336.0346235302586,
        681.9040898675685,
        1771.6077764262027,
        643.9116303756437,
        643.9116303756437,
        643.9879587737596,
        643.9879587737596,
        643.9116303756437,
        644.0261229728167,
        3887.1844688358424,
        568.0793681880277,
        644.1024513709326,
        644.0261229728167,
        644.0261229728167,
        570.7126979230106,
        645.1710489445486,
        569.9112497427996,
        32654.48019437738,
        796.8737375188375,
        567.8503829936817,
        643.9879587737596,
        644.3696007643357,
        568.2701891833167,
        644.7512427549136,
        644.4077649633946,
        644.7512427549136,
        644.5222575605676,
        2759.0682628456725,
        2683.9229562410947,
        498.8495124373985,
        1428.3017184421751,
        79282.97163184194,
        1394.9652932454046,
        758.0035014485875,
        757.8890088514145,
        757.8890088514145,
        796.1104535376835,
        720.0492061557215,
        720.0110419566627,
        796.1104535376835,
        720.0110419566627,
        4039.3069635997663,
        719.9728777576056,
        795.9959609405105,
        719.9347135585485,
        796.0341251395675,
        719.9347135585485,
        720.1636987528946,
        720.1255345538375,
        796.1486177367406,
        720.1255345538375,
        719.9728777576056,
        719.9347135585485,
        724.1709396539554,
        797.3698721065884,
        721.1559679283946,
        720.0492061557215,
        720.0492061557215,
        2912.965392865781,
        682.3620602562605,
        758.4233076382225,
        64715.96996071176,
        72263.61123078913,
        1452.8603812058554,
        758.0798298467034,
        1579.8517562505713,
        758.0798298467034,
        834.1410772286654,
        758.2324866429335,
        758.0798298467034,
        758.0035014485875
    ]
}