{
    "actual": [
        0,
        1,
        0,
        1,
        0,
        1,
        12401,
        23503,
        1,
        1,
        0,
        0,
        1,
        94619,
        0,
        0,
        0,
        0,
        383133,
        282,
        1,
        1,
        0,
        1,
        1,
        1,
        1,
        1,
        0,
        1,
        1,
        0,
        1,
        1,
        1,
        1,
        1,
        1,
        7,
        0,
        1,
        1,
        1,
        0,
        1,
        0,
        346442,
        1,
        0,
        1,
        1,
        0,
        1,
        1,
        1,
        1,
        1,
        0,
        0,
        1,
        0,
        1,
        1,
        1,
        1,
        1,
        4,
        6,
        1,
        3,
        6,
        0,
        1,
        0,
        1,
        1,
        0,
        6,
        1,
        0,
        2,
        0,
        0,
        1,
        0,
        0,
        3,
        1,
        0,
        1,
        1,
        1,
        1,
        0,
        0,
        0,
        1,
        0,
        0,
        0
    ],
    "predicted": [
        5259.3408203125,
        14.23473834991455,
        17.123275756835938,
        14.263260841369629,
        12490.4853515625,
        14.263260841369629,
        12278.154296875,
        1387.3826904296875,
        2943.7314453125,
        2.6421079635620117,
        -4.194058418273926,
        -4.194058418273926,
        1066.633056640625,
        21670.4140625,
        4.345129013061523,
        -16.247180938720703,
        5767.8916015625,
        5956.50732421875,
        6751.8681640625,
        5271.0166015625,
        259.2368469238281,
        128.25442504882812,
        345.1656799316406,
        2642.73779296875,
        2642.73779296875,
        276.25146484375,
        4460.49072265625,
        12750.857421875,
        249.05950927734375,
        4259.50244140625,
        678.0586547851562,
        116.29700469970703,
        459.5306701660156,
        459.5306701660156,
        459.5306701660156,
        459.5306701660156,
        459.5306701660156,
        459.5306701660156,
        897.16357421875,
        1.3765568733215332,
        459.5306701660156,
        459.5306701660156,
        459.5306701660156,
        0.9617986679077148,
        459.1159362792969,
        0.9617986679077148,
        21360.654296875,
        22.519262313842773,
        1.3765568733215332,
        459.5306701660156,
        459.5306701660156,
        1.3765568733215332,
        459.1159362792969,
        459.5306701660156,
        459.1159362792969,
        459.1159362792969,
        117.74642181396484,
        -3.8341803550720215,
        16.438190460205078,
        -7.628274917602539,
        7672.73193359375,
        308.0175476074219,
        22.934017181396484,
        22.934017181396484,
        22.934017181396484,
        22.934017181396484,
        461.147216796875,
        461.147216796875,
        22.934017181396484,
        461.147216796875,
        1093.888671875,
        461.147216796875,
        22.934017181396484,
        461.147216796875,
        22.934017181396484,
        461.147216796875,
        461.147216796875,
        461.147216796875,
        22.934017181396484,
        461.147216796875,
        461.147216796875,
        461.147216796875,
        460.732421875,
        22.519262313842773,
        460.732421875,
        461.147216796875,
        461.147216796875,
        259.2368469238281,
        678.0586547851562,
        22.934017181396484,
        7586.69775390625,
        7002.779296875,
        31.731393814086914,
        22.934017181396484,
        221.9150848388672,
        22.934017181396484,
        1.8264060020446777,
        22.934017181396484,
        22.934017181396484,
        22.934017181396484
    ]
}