{
    "actual": [
        77169,
        1,
        1,
        0,
        0,
        1,
        1,
        1,
        0,
        1,
        1,
        1,
        194,
        21901,
        1,
        1,
        1,
        1,
        1,
        0,
        1,
        1,
        1,
        0,
        0,
        0,
        1,
        0,
        1,
        1,
        49547,
        1,
        0,
        1,
        1979,
        80267,
        1,
        2234,
        1170,
        1,
        1,
        1,
        1,
        1,
        1,
        0,
        0,
        1,
        1,
        1,
        1,
        0,
        1,
        0,
        1,
        87470,
        1,
        1,
        1,
        1,
        1,
        0,
        1,
        1,
        1,
        1,
        0,
        0,
        0,
        1,
        0,
        1,
        1,
        1,
        1,
        1,
        1,
        1,
        192,
        1,
        1,
        1,
        40,
        1,
        4318,
        25138,
        1,
        1,
        1,
        225,
        0,
        1,
        0,
        1,
        1,
        0,
        1,
        1,
        1,
        1
    ],
    "predicted": [
        1.0,
        4648.5,
        4648.5,
        0.7850821744627055,
        0.7181818181818181,
        0.7850821744627055,
        68.04545454545455,
        0.6557377049180327,
        0.7125,
        0.7850821744627055,
        0.7181818181818181,
        0.7850821744627055,
        0.0,
        68.04545454545455,
        6047.133333333333,
        0.5675675675675675,
        464.8333333333333,
        0.7850821744627055,
        0.7850821744627055,
        0.7850821744627055,
        0.7850821744627055,
        0.6111111111111112,
        22964.0,
        4004.0,
        0.7850821744627055,
        0.7850821744627055,
        0.6,
        0.7850821744627055,
        1155.25,
        0.7850821744627055,
        1155.25,
        0.7850821744627055,
        0.6,
        0.7850821744627055,
        4004.0,
        0.7181818181818181,
        248.16666666666666,
        1972.7692307692307,
        3827.0,
        0.7850821744627055,
        1155.25,
        1155.25,
        22964.0,
        0.7850821744627055,
        0.7850821744627055,
        0.7850821744627055,
        1972.7692307692307,
        0.7850821744627055,
        0.7850821744627055,
        0.7850821744627055,
        0.7850821744627055,
        0.7850821744627055,
        0.7850821744627055,
        0.7850821744627055,
        0.7850821744627055,
        1.0,
        0.7850821744627055,
        0.7850821744627055,
        0.5,
        0.5906735751295337,
        5.333333333333333,
        0.7850821744627055,
        0.7850821744627055,
        0.7850821744627055,
        0.7850821744627055,
        0.7850821744627055,
        24005.0,
        0.7850821744627055,
        1.0,
        1.0,
        1.0,
        24179.5,
        0.7850821744627055,
        24005.0,
        0.5,
        0.7850821744627055,
        0.7850821744627055,
        0.7850821744627055,
        0.0,
        0.7850821744627055,
        4004.0,
        320134.0,
        3827.0,
        0.7850821744627055,
        3827.0,
        15932.75,
        24179.5,
        0.7850821744627055,
        0.7850821744627055,
        0.7850821744627055,
        0.7181818181818181,
        0.7850821744627055,
        0.7181818181818181,
        0.7850821744627055,
        5.333333333333333,
        0.7850821744627055,
        0.7850821744627055,
        0.7850821744627055,
        0.7850821744627055,
        0.7850821744627055
    ]
}