{
    "actual": [
        0,
        1,
        0,
        1,
        0,
        1,
        12401,
        23503,
        1,
        1,
        0,
        0,
        1,
        94619,
        0,
        0,
        0,
        0,
        383133,
        282,
        1,
        1,
        0,
        1,
        1,
        1,
        1,
        1,
        0,
        1,
        1,
        0,
        1,
        1,
        1,
        1,
        1,
        1,
        7,
        0,
        1,
        1,
        1,
        0,
        1,
        0,
        346442,
        1,
        0,
        1,
        1,
        0,
        1,
        1,
        1,
        1,
        1,
        0,
        0,
        1,
        0,
        1,
        1,
        1,
        1,
        1,
        4,
        6,
        1,
        3,
        6,
        0,
        1,
        0,
        1,
        1,
        0,
        6,
        1,
        0,
        2,
        0,
        0,
        1,
        0,
        0,
        3,
        1,
        0,
        1,
        1,
        1,
        1,
        0,
        0,
        0,
        1,
        0,
        0,
        0
    ],
    "predicted": [
        21048.931551803773,
        534.094344302418,
        486.45176289144183,
        509.1102759275618,
        11629.37873970973,
        529.7016286625849,
        40870.68656854083,
        4893.69103408834,
        -5454.446399610839,
        -18746.463837597752,
        -20813.93354071089,
        -18144.078056492785,
        13937.838836655428,
        57854.99597184583,
        -22751.53495622636,
        -24816.20194311085,
        17903.21283438243,
        65289.67386967849,
        30621.2605416797,
        2157.924884212117,
        -28091.034239146742,
        -30158.436202894838,
        -31493.236933694454,
        2015.7394743925224,
        2015.9450817338848,
        -27488.208152169012,
        -26702.084353415295,
        -26611.030721987656,
        -29899.19419548416,
        -30522.354016783822,
        -23289.375592634606,
        -32534.59920254501,
        -24624.28639990237,
        -24624.28639990237,
        -24624.25253021985,
        -24624.25253021985,
        -24624.28639990237,
        -24624.235595378617,
        -21699.845719006902,
        -27294.040275072854,
        -24624.201725696097,
        -24624.235595378617,
        -24624.235595378617,
        -27292.87177102588,
        -24623.727550140757,
        -27293.22740269237,
        65275.82964202677,
        -19284.20286495844,
        -27294.141884120414,
        -24624.25253021985,
        -24624.083181807247,
        -27293.955600866582,
        -24623.913833394647,
        -24624.066246966016,
        -24623.913833394647,
        -24624.015442442207,
        -32096.42711975932,
        -34765.876167787064,
        -29960.864422705257,
        -22142.519184767734,
        73414.00606123683,
        -27429.52045977919,
        -20619.503173575213,
        -20619.553978099022,
        -20619.553978099022,
        -19284.54156178364,
        -21954.397046001744,
        -21954.413980843034,
        -19284.54156178364,
        -21954.413980843034,
        -16360.134750570694,
        -21954.430915684265,
        -19284.59236630745,
        -21954.447850525554,
        -19284.57543146616,
        -21954.447850525554,
        -21954.346241477993,
        -21954.363176319224,
        -19284.52462694241,
        -21954.363176319224,
        -21954.430915684265,
        -21954.447850525554,
        -21952.568083145597,
        -19283.98271202203,
        -21953.905935605173,
        -21954.397046001744,
        -21954.397046001744,
        -26755.928681204445,
        -23289.172374539485,
        -20619.31689032138,
        34902.98850968978,
        45577.95033376157,
        -23449.673787208856,
        -20619.469303892693,
        -28665.531794083072,
        -20619.469303892693,
        -17949.61381967459,
        -20619.401564527652,
        -20619.469303892693,
        -20619.503173575213
    ]
}