{
    "actual": [
        0,
        1,
        0,
        1,
        0,
        1,
        12401,
        23503,
        1,
        1,
        0,
        0,
        1,
        94619,
        0,
        0,
        0,
        0,
        383133,
        282,
        1,
        1,
        0,
        1,
        1,
        1,
        1,
        1,
        0,
        1,
        1,
        0,
        1,
        1,
        1,
        1,
        1,
        1,
        7,
        0,
        1,
        1,
        1,
        0,
        1,
        0,
        346442,
        1,
        0,
        1,
        1,
        0,
        1,
        1,
        1,
        1,
        1,
        0,
        0,
        1,
        0,
        1,
        1,
        1,
        1,
        1,
        4,
        6,
        1,
        3,
        6,
        0,
        1,
        0,
        1,
        1,
        0,
        6,
        1,
        0,
        2,
        0,
        0,
        1,
        0,
        0,
        3,
        1,
        0,
        1,
        1,
        1,
        1,
        0,
        0,
        0,
        1,
        0,
        0,
        0
    ],
    "predicted": [
        4520.53857421875,
        0.4450635313987732,
        -1.709350347518921,
        -0.4616910219192505,
        7011.447265625,
        0.4450635313987732,
        11926.638671875,
        3293.832763671875,
        9961.2451171875,
        -9.037919044494629,
        -15.260885238647461,
        -15.260885238647461,
        2613.28369140625,
        21940.0859375,
        -3.545778274536133,
        -34.94602584838867,
        8475.587890625,
        41380.22265625,
        8111.24755859375,
        6043.70849609375,
        -10.4631929397583,
        -31.962406158447266,
        -22.797000885009766,
        3574.64794921875,
        3574.64794921875,
        -8.548556327819824,
        4440.25830078125,
        10937.447265625,
        1525.43017578125,
        3892.07666015625,
        753.6921997070312,
        176.97247314453125,
        -20.68541717529297,
        -20.68541717529297,
        -20.572023391723633,
        -20.572023391723633,
        -20.68541717529297,
        -20.572023391723633,
        88.28427124023438,
        -33.61585998535156,
        -24.37556266784668,
        -20.572023391723633,
        -20.572023391723633,
        -29.76432228088379,
        -19.580751419067383,
        -29.76432228088379,
        21954.541015625,
        29.460372924804688,
        -42.005794525146484,
        -20.572023391723633,
        -12.017065048217773,
        -30.380884170532227,
        -19.468584060668945,
        -41.83640670776367,
        -19.468584060668945,
        -19.14592742919922,
        239.1416778564453,
        -5.687694072723389,
        -36.04048156738281,
        -6.8031415939331055,
        34440.0703125,
        40.4171028137207,
        41.5076904296875,
        157.7909698486328,
        157.7909698486328,
        30.874164581298828,
        750.682373046875,
        750.5689697265625,
        30.874164581298828,
        750.5689697265625,
        1826.8741455078125,
        764.2630004882812,
        157.7909698486328,
        880.5462646484375,
        41.5076904296875,
        880.5462646484375,
        750.682373046875,
        750.682373046875,
        30.874164581298828,
        750.682373046875,
        764.2630004882812,
        880.5462646484375,
        749.3963623046875,
        29.460372924804688,
        749.3963623046875,
        750.682373046875,
        750.682373046875,
        -17.823610305786133,
        756.8870239257812,
        32.66103744506836,
        4162.48193359375,
        7618.46728515625,
        10.922100067138672,
        30.874164581298828,
        27.238004684448242,
        30.874164581298828,
        -0.8157258033752441,
        30.874164581298828,
        30.874164581298828,
        41.5076904296875
    ]
}