{
    "actual": [
        0,
        1,
        0,
        1,
        0,
        1,
        12401,
        23503,
        1,
        1,
        0,
        0,
        1,
        94619,
        0,
        0,
        0,
        0,
        383133,
        282,
        1,
        1,
        0,
        1,
        1,
        1,
        1,
        1,
        0,
        1,
        1,
        0,
        1,
        1,
        1,
        1,
        1,
        1,
        7,
        0,
        1,
        1,
        1,
        0,
        1,
        0,
        346442,
        1,
        0,
        1,
        1,
        0,
        1,
        1,
        1,
        1,
        1,
        0,
        0,
        1,
        0,
        1,
        1,
        1,
        1,
        1,
        4,
        6,
        1,
        3,
        6,
        0,
        1,
        0,
        1,
        1,
        0,
        6,
        1,
        0,
        2,
        0,
        0,
        1,
        0,
        0,
        3,
        1,
        0,
        1,
        1,
        1,
        1,
        0,
        0,
        0,
        1,
        0,
        0,
        0
    ],
    "predicted": [
        57440.5,
        10.03896103896104,
        1.0955882352941178,
        2.9174757281553396,
        1.0,
        10.03896103896104,
        15394.252252252252,
        1.0,
        1.0,
        0.7666666666666667,
        0.6237533998186764,
        0.6237533998186764,
        1.0,
        99133.5,
        0.7666666666666667,
        0.43,
        85871.0,
        0.3333333333333333,
        15394.252252252252,
        13330.2,
        0.75,
        21.774193548387096,
        0.4,
        439.08045977011494,
        439.08045977011494,
        0.43,
        1.0,
        1.0,
        1.0,
        1.0,
        286.0,
        0.6989247311827957,
        21.666666666666668,
        21.666666666666668,
        21.666666666666668,
        21.666666666666668,
        21.666666666666668,
        21.666666666666668,
        25.416666666666668,
        0.0,
        17.727272727272727,
        21.666666666666668,
        21.666666666666668,
        0.6666666666666666,
        0.6666666666666666,
        0.6666666666666666,
        99133.5,
        0.43,
        21.666666666666668,
        21.666666666666668,
        17.727272727272727,
        0.0,
        40.48,
        17.727272727272727,
        40.48,
        40.48,
        0.6989247311827957,
        0.6989247311827957,
        0.6666666666666666,
        1.1780194619347453,
        418025.0,
        0.71875,
        5.2043478260869565,
        5.2043478260869565,
        5.2043478260869565,
        5.2043478260869565,
        21.774193548387096,
        21.774193548387096,
        5.2043478260869565,
        21.774193548387096,
        943.0,
        21.774193548387096,
        5.2043478260869565,
        21.774193548387096,
        5.2043478260869565,
        21.774193548387096,
        21.774193548387096,
        21.774193548387096,
        5.2043478260869565,
        21.774193548387096,
        21.774193548387096,
        21.774193548387096,
        0.0,
        0.43,
        0.0,
        21.774193548387096,
        21.774193548387096,
        0.75,
        0.4,
        5.2043478260869565,
        2.0,
        15394.252252252252,
        0.71875,
        5.2043478260869565,
        0.475,
        5.2043478260869565,
        5.2043478260869565,
        5.2043478260869565,
        5.2043478260869565,
        5.2043478260869565
    ]
}